year,minutes,Date ,count,DOY
2019,26,4/15/2019,0,105
2019,39,4/18/2019,0,108
2019,40,4/19/2019,0,109
2019,42,4/23/2019,0,113
2019,40,5/10/2019,0,130
2019,40,5/13/2019,0,133
2019,39,5/16/2019,0,136
2019,39,5/20/2019,0,140
2019,40,5/22/2019,0,142
2019,40,5/23/2019,0,143
2019,40,5/24/2019,0,144
2019,41,5/29/2019,0,149
2019,42,6/3/2019,0,154
2019,41,6/4/2019,0,155
2019,42,6/5/2019,0,156
2019,40,6/6/2019,0,157
2019,43,6/7/2019,1,158
2019,40,6/17/2019,0,168
2019,40,6/18/2019,0,169
2019,41,6/19/2019,0,170
2019,41,6/20/2019,0,171
2019,41,6/24/2019,0,175
2019,41,6/26/2019,0,177
2019,43,7/1/2019,0,182
2019,91,7/2/2019,0,183
2019,89,7/3/2019,2,184
2019,41,7/8/2019,0,189
2019,42,7/9/2019,0,190
2019,41,7/10/2019,0,191
2019,40,7/11/2019,0,192
2019,41,7/12/2019,0,193
2019,42,7/15/2019,1,196
2019,41,7/18/2019,0,199
2019,40,7/19/2019,0,200
2019,43,7/22/2019,1,203
2019,43,7/23/2019,0,204
2019,42,7/24/2019,0,205
2019,42,7/25/2019,0,206
2019,44,7/29/2019,0,210
2019,42,7/30/2019,0,211
2019,42,7/31/2019,0,212
2019,43,8/1/2019,0,213
2019,41,8/2/2019,1,214
2019,43,8/5/2019,0,217
2019,43,8/6/2019,0,218
2019,43,8/7/2019,0,219
2019,43,8/8/2019,0,220
2019,42,8/9/2019,0,221
2019,44,8/13/2019,1,225
2019,41,8/16/2019,1,228
2019,42,8/19/2019,2,231
2019,43,8/20/2019,1,232
2019,43,8/22/2019,0,234
2019,42,8/26/2019,0,238
2019,42,8/27/2019,0,239
2019,42,8/28/2019,0,240
2019,43,9/6/2019,5,249
2019,42,9/10/2019,0,253
2019,42,9/13/2019,5,256
2019,43,9/20/2019,3,263
2019,43,9/23/2019,13,266
2019,43,9/24/2019,1,267
2019,42,9/25/2019,1,268
2019,42,10/4/2019,3,277
2018,38,5/8/2018,0,128
2018,38,5/10/2018,0,130
2018,38,5/15/2018,0,135
2018,38,5/17/2018,0,137
2018,37,5/22/2018,0,142
2018,38,5/29/2018,0,149
2018,37,6/1/2018,0,152
2018,39,6/4/2018,0,155
2018,37,6/6/2018,0,157
2018,38,6/7/2018,0,158
2018,38,6/8/2018,0,159
2018,38,6/11/2018,0,162
2018,39,6/12/2018,0,163
2018,39,6/13/2018,0,164
2018,37,6/18/2018,0,169
2018,38,6/20/2018,0,171
2018,38,6/25/2018,0,176
2018,37,6/26/2018,0,177
2018,38,6/29/2018,0,180
2018,38,7/2/2018,0,183
2018,39,7/3/2018,1,184
2018,38,7/5/2018,0,186
2018,39,7/6/2018,0,187
2018,39,7/9/2018,0,190
2018,39,7/10/2018,0,191
2018,39,7/11/2018,0,192
2018,38,7/12/2018,0,193
2018,39,7/13/2018,0,194
2018,39,7/16/2018,0,197
2018,39,7/17/2018,1,198
2018,39,7/19/2018,2,200
2018,38,7/20/2018,0,201
2018,39,7/23/2018,0,204
2018,39,7/24/2018,0,205
2018,39,7/25/2018,0,206
2018,39,7/26/2018,0,207
2018,39,7/27/2018,0,208
2018,40,7/30/2018,1,211
2018,40,7/31/2018,1,212
2018,40,8/1/2018,0,213
2018,39,8/2/2018,2,214
2018,38,8/3/2018,0,215
2018,39,8/15/2018,0,227
2018,39,8/17/2018,0,229
2018,37,8/21/2018,0,233
2018,39,8/23/2018,0,235
2018,39,8/27/2018,0,239
2018,39,8/29/2018,1,241
2018,38,8/30/2018,1,242
2018,39,8/31/2018,0,243
2018,41,9/4/2018,0,247
2018,40,9/10/2018,0,253
2018,40,9/11/2018,0,254
2018,39,9/13/2018,1,256
2018,40,9/17/2018,2,260
2018,40,9/24/2018,1,267
2018,37,9/27/2018,0,270
2018,38,10/3/2018,0,276
2018,38,10/4/2018,0,277
2018,38,10/16/2018,2,289
2018,37,10/17/2018,1,290
2018,39,10/18/2018,0,291
2018,38,10/22/2018,0,295
2018,37,10/23/2018,0,296
2017,37,4/10/2017,0,100
2017,37,4/12/2017,0,102
2017,38,4/17/2017,0,107
2017,37,4/19/2017,0,109
2017,38,4/21/2017,0,111
2017,36,4/24/2017,0,114
2017,37,5/2/2017,0,122
2017,39,5/3/2017,0,123
2017,38,5/4/2017,0,124
2017,38,5/11/2017,0,131
2017,37,5/22/2017,0,142
2017,38,5/26/2017,0,146
2017,37,5/30/2017,0,150
2017,37,5/31/2017,0,151
2017,37,6/2/2017,0,153
2017,38,6/5/2017,0,156
2017,38,6/6/2017,0,157
2017,37,6/7/2017,0,158
2017,37,6/8/2017,0,159
2017,36,6/9/2017,0,160
2017,38,6/19/2017,0,170
2017,37,6/23/2017,0,174
2017,38,6/26/2017,0,177
2017,37,6/27/2017,0,178
2017,37,6/29/2017,0,180
2017,39,7/5/2017,0,186
2017,38,7/6/2017,0,187
2017,38,7/7/2017,0,188
2017,38,7/10/2017,0,191
2017,38,7/11/2017,0,192
2017,38,7/12/2017,0,193
2017,38,7/14/2017,0,195
2017,21,7/17/2017,0,198
2017,38,7/24/2017,0,205
2017,38,7/27/2017,0,208
2017,39,7/28/2017,0,209
2017,38,7/31/2017,0,212
2017,38,8/3/2017,1,215
2017,38,8/4/2017,0,216
2017,40,8/7/2017,0,219
2017,40,8/8/2017,0,220
2017,39,8/9/2017,0,221
2017,39,8/10/2017,0,222
2017,40,8/11/2017,0,223
2017,25,8/16/2017,0,228
2017,38,8/22/2017,0,234
2017,36,8/24/2017,0,236
2017,38,8/28/2017,0,240
2017,39,8/29/2017,0,241
2017,38,8/31/2017,0,243
2017,38,9/1/2017,0,244
2017,39,9/5/2017,1,248
2017,40,9/7/2017,1,250
2017,40,9/8/2017,0,251
2017,37,9/11/2017,0,254
2017,38,9/12/2017,0,255
2017,38,9/13/2017,0,256
2017,39,9/14/2017,1,257
2017,39,9/15/2017,1,258
2017,38,9/21/2017,1,264
2017,39,9/22/2017,0,265
2017,39,9/25/2017,0,268
2017,39,9/28/2017,1,271
2017,39,9/29/2017,0,272
2017,39,10/3/2017,0,276
2017,39,10/4/2017,0,277
2017,39,10/9/2017,0,282
2017,37,10/18/2017,0,291
2016,25,4/13/2016,0,104
2016,26,4/15/2016,0,106
2016,24,4/25/2016,0,116
2016,35,5/5/2016,0,126
2016,36,5/11/2016,0,132
2016,37,5/12/2016,0,133
2016,38,5/23/2016,0,144
2016,38,5/25/2016,0,146
2016,37,5/26/2016,0,147
2016,37,5/31/2016,1,152
2016,38,6/1/2016,0,153
2016,36,6/2/2016,0,154
2016,37,6/3/2016,0,155
2016,38,6/6/2016,0,158
2016,38,6/8/2016,0,160
2016,38,6/10/2016,0,162
2016,38,6/13/2016,0,165
2016,37,6/15/2016,0,167
2016,37,6/16/2016,0,168
2016,38,6/22/2016,0,174
2016,37,6/23/2016,0,175
2016,39,6/27/2016,1,179
2016,39,7/1/2016,0,183
2016,38,7/5/2016,1,187
2016,38,7/6/2016,0,188
2016,40,7/11/2016,0,193
2016,39,7/12/2016,0,194
2016,38,7/15/2016,0,197
2016,38,7/18/2016,0,200
2016,39,7/25/2016,0,207
2016,37,7/28/2016,0,210
2016,37,7/29/2016,0,211
2016,38,8/8/2016,0,221
2016,40,8/9/2016,0,222
2016,37,8/10/2016,0,223
2016,39,8/11/2016,0,224
2016,39,8/15/2016,2,228
2016,40,8/16/2016,0,229
2016,40,8/18/2016,0,231
2016,38,8/22/2016,1,235
2016,38,8/23/2016,0,236
2016,39,8/24/2016,0,237
2016,37,8/29/2016,0,242
2016,38,8/30/2016,0,243
2016,38,8/31/2016,0,244
2016,38,9/1/2016,0,245
2016,38,9/2/2016,0,246
2016,39,9/8/2016,0,252
2016,39,9/12/2016,2,256
2016,39,9/15/2016,0,259
2016,37,9/16/2016,0,260
2016,37,9/20/2016,6,264
2016,37,9/23/2016,2,267
2016,38,9/26/2016,12,270
2016,38,9/27/2016,27,271
2016,35,9/28/2016,0,272
2016,38,9/29/2016,0,273
2016,36,9/30/2016,0,274
2016,37,10/3/2016,0,277
2016,37,10/4/2016,0,278
2016,24,10/5/2016,0,279
2016,37,10/6/2016,0,280
2016,37,10/7/2016,0,281
2016,36,10/10/2016,0,284
2016,38,10/11/2016,0,285
2016,37,10/13/2016,1,287
2016,38,10/17/2016,1,291
2016,39,10/18/2016,0,292
2016,39,10/19/2016,0,293
2016,34,10/21/2016,0,295
2016,37,10/27/2016,0,301
2016,37,10/28/2016,0,302
2016,37,11/1/2016,0,306
2016,38,11/3/2016,0,308
2016,38,11/7/2016,0,312
2016,36,11/10/2016,0,315
2016,63,11/14/2016,0,319
2016,61,11/15/2016,0,320
2015,50,4/27/2015,0,117
2015,25,4/30/2015,0,120
2015,45,5/5/2015,0,125
2015,48,5/7/2015,0,127
2015,48,5/12/2015,0,132
2015,49,5/13/2015,0,133
2015,49,5/15/2015,0,135
2015,50,5/21/2015,0,141
2015,50,5/22/2015,0,142
2015,50,5/27/2015,0,147
2015,50,5/28/2015,0,148
2015,50,5/29/2015,0,149
2015,49,6/1/2015,0,152
2015,49,6/3/2015,0,154
2015,50,6/4/2015,0,155
2015,50,6/5/2015,0,156
2015,51,6/8/2015,1,159
2015,51,6/9/2015,0,160
2015,50,6/10/2015,0,161
2015,51,6/16/2015,0,167
2015,50,6/17/2015,0,168
2015,38,6/19/2015,0,170
2015,51,6/23/2015,0,174
2015,52,6/29/2015,1,180
2015,50,6/30/2015,0,181
2015,52,7/9/2015,0,190
2015,51,7/16/2015,0,197
2015,51,7/17/2015,0,198
2015,51,7/20/2015,1,201
2015,50,7/22/2015,0,203
2015,50,7/23/2015,0,204
2015,31,7/27/2015,0,208
2015,51,7/30/2015,0,211
2015,52,7/31/2015,1,212
2015,52,8/3/2015,2,215
2015,52,8/6/2015,1,218
2015,50,8/7/2015,1,219
2015,53,8/12/2015,0,224
2015,50,8/14/2015,1,226
2015,50,8/21/2015,1,233
2015,51,8/24/2015,1,236
2015,52,8/25/2015,2,237
2015,52,8/31/2015,2,243
2015,36,9/7/2015,1,250
2015,38,9/10/2015,10,253
2015,36,9/14/2015,1,257
2015,37,9/15/2015,3,258
2015,38,9/16/2015,1,259
2015,37,9/21/2015,2,264
2015,39,9/22/2015,0,265
2015,39,9/24/2015,1,267
2015,37,9/25/2015,2,268
2015,39,9/28/2015,1,271
2015,38,9/29/2015,0,272
2015,40,9/30/2015,0,273
2015,38,10/1/2015,0,274
2015,36,10/2/2015,0,275
2015,38,10/6/2015,0,279
2015,38,10/8/2015,0,281
2015,37,10/9/2015,0,282
2015,37,10/19/2015,0,292
2015,37,10/26/2015,0,299
2015,37,11/3/2015,0,307
2015,38,11/4/2015,0,308
2015,38,11/6/2015,0,310
2015,38,11/9/2015,0,313
2014,48,4/18/2014,0,108
2014,48,4/25/2014,0,115
2014,48,5/5/2014,0,125
2014,48,5/6/2014,0,126
2014,50,5/7/2014,0,127
2014,49,5/20/2014,1,140
2014,33,5/22/2014,0,142
2014,49,5/23/2014,0,143
2014,49,5/27/2014,0,147
2014,49,5/28/2014,0,148
2014,44,6/3/2014,0,154
2014,49,6/5/2014,0,156
2014,46,6/12/2014,0,163
2014,49,6/13/2014,0,164
2014,49,6/16/2014,0,167
2014,49,6/17/2014,0,168
2014,35,6/19/2014,0,170
2014,50,6/23/2014,0,174
2014,51,6/24/2014,0,175
2014,49,6/25/2014,2,176
2014,49,7/2/2014,0,183
2014,49,7/7/2014,0,188
2014,48,7/8/2014,0,189
2014,49,7/10/2014,0,191
2014,37,7/11/2014,0,192
2014,49,7/14/2014,0,195
2014,49,7/17/2014,0,198
2014,50,7/18/2014,0,199
2014,50,7/21/2014,1,202
2014,50,7/30/2014,0,211
2014,50,7/31/2014,0,212
2014,49,8/1/2014,0,213
2014,50,8/8/2014,0,220
2014,50,8/11/2014,0,223
2014,51,8/12/2014,0,224
2014,51,8/13/2014,1,225
2014,47,8/14/2014,0,226
2014,50,8/19/2014,1,231
2014,49,8/22/2014,1,234
2014,50,8/25/2014,2,237
2014,50,8/26/2014,0,238
2014,49,8/27/2014,0,239
2014,49,9/8/2014,1,251
2014,36,9/9/2014,0,252
2014,48,9/23/2014,1,266
2014,49,9/25/2014,1,268
2014,49,9/29/2014,0,272
2014,50,10/6/2014,1,279
2014,49,10/7/2014,0,280
2014,36,10/15/2014,0,288
2014,50,10/16/2014,1,289
2014,49,10/20/2014,0,293
2014,49,10/21/2014,0,294
2014,49,10/30/2014,0,303
2013,48,5/14/2012,0,135
2013,49,5/15/2012,0,136
2013,48,5/16/2012,0,137
2013,48,5/17/2012,0,138
2013,46,5/21/2012,0,142
2013,25,5/22/2012,0,143
2013,30,5/23/2012,0,144
2013,37,5/24/2012,0,145
2013,47,5/28/2012,0,149
2013,35,5/29/2012,0,150
2013,48,5/31/2012,0,152
2013,48,6/3/2012,1,155
2013,47,6/6/2012,0,158
2013,48,6/10/2012,0,162
2013,49,6/11/2012,1,163
2013,48,6/12/2012,0,164
2013,35,6/13/2012,0,165
2013,48,6/18/2012,1,170
2013,12,6/27/2012,0,179
2013,49,6/28/2012,0,180
2013,49,7/1/2012,0,183
2013,49,7/3/2012,0,185
2013,49,7/10/2012,0,192
2013,49,7/11/2012,1,193
2013,49,7/15/2012,0,197
2013,50,7/16/2012,0,198
2013,50,7/17/2012,0,199
2013,49,7/18/2012,0,200
2013,50,7/19/2012,0,201
2013,49,7/26/2012,0,208
2013,50,7/29/2012,0,211
2013,47,7/30/2012,0,212
2013,51,7/31/2012,0,213
2013,51,8/1/2012,0,214
2013,37,8/5/2012,0,218
2013,50,8/6/2012,0,219
2013,49,8/11/2012,0,224
2013,42,8/14/2012,0,227
2013,48,8/15/2012,0,228
2013,49,8/16/2012,0,229
2013,50,8/20/2012,0,233
2013,50,8/21/2012,0,234
2013,37,8/22/2012,0,235
2013,50,8/23/2012,0,236
2013,38,8/26/2012,0,239
2013,37,8/30/2012,0,243
2013,49,9/3/2012,0,247
2013,37,9/4/2012,1,248
2013,47,9/6/2012,0,250
2013,50,9/9/2012,0,253
2013,48,9/10/2012,0,254
2013,50,9/13/2012,0,257
2013,37,9/16/2012,0,260
2013,49,9/23/2012,0,267
2013,44,9/24/2012,0,268
2013,49,9/26/2012,0,270
2013,50,9/30/2012,0,274
2012,47,3/13/2012,0,73
2012,46,3/16/2012,0,76
2012,46,3/19/2012,0,79
2012,47,3/23/2012,0,83
2012,45,3/26/2012,0,86
2012,47,3/29/2012,0,89
2012,47,3/30/2012,0,90
2012,44,4/5/2012,0,96
2012,43,4/6/2012,0,97
2012,47,4/9/2012,0,100
2012,47,4/10/2012,0,101
2012,47,4/11/2012,0,102
2012,47,4/12/2012,0,103
2012,37,4/17/2012,0,108
2012,35,4/18/2012,0,109
2012,46,4/23/2012,0,114
2012,47,4/25/2012,0,116
2012,25,5/1/2012,0,122
2012,48,5/2/2012,1,123
2012,49,5/3/2012,2,124
2012,49,5/4/2012,4,125
2012,47,5/7/2012,1,128
2012,48,5/11/2012,0,132
2012,48,5/14/2012,2,135
2012,49,5/15/2012,2,136
2012,47,5/16/2012,3,137
2012,48,5/17/2012,1,138
2012,47,5/18/2012,1,139
2012,48,5/22/2012,0,143
2012,49,5/23/2012,0,144
2012,44,5/24/2012,0,145
2012,49,5/29/2012,0,150
2012,48,5/30/2012,0,151
2012,47,6/1/2012,0,153
2012,47,6/4/2012,0,156
2012,47,6/5/2012,0,157
2012,49,6/6/2012,0,158
2012,49,6/8/2012,0,160
2012,47,6/11/2012,0,163
2012,49,6/12/2012,0,164
2012,49,6/13/2012,0,165
2012,49,6/14/2012,0,166
2012,48,6/15/2012,0,167
2012,50,6/22/2012,0,174
2012,48,6/27/2012,0,179
2012,36,6/28/2012,0,180
2012,48,6/29/2012,0,181
2012,48,7/2/2012,0,184
2012,48,7/3/2012,0,185
2012,49,7/5/2012,0,187
2012,48,7/9/2012,0,191
2012,47,7/10/2012,0,192
2012,49,7/11/2012,0,193
2012,50,7/16/2012,0,198
2012,49,7/17/2012,0,199
2012,48,7/18/2012,0,200
2012,48,7/19/2012,0,201
2012,25,7/25/2012,0,207
2012,49,7/26/2012,0,208
2012,50,7/27/2012,0,209
2012,48,7/31/2012,0,213
2012,49,8/2/2012,0,215
2012,50,8/3/2012,0,216
2012,50,8/6/2012,0,219
2012,49,8/13/2012,0,226
2012,48,8/15/2012,0,228
2012,50,8/20/2012,0,233
2012,49,8/21/2012,0,234
2012,49,8/22/2012,0,235
2012,22,8/23/2012,0,236
2012,49,8/24/2012,0,237
2012,50,8/27/2012,1,240
2012,48,8/30/2012,0,243
2012,48,8/31/2012,0,244
2012,44,9/4/2012,0,248
2012,50,9/5/2012,0,249
2012,49,9/6/2012,0,250
2012,48,9/7/2012,0,251
2012,47,9/10/2012,0,254
2012,48,9/11/2012,0,255
2012,49,9/12/2012,0,256
2012,49,9/13/2012,1,257
2012,48,9/19/2012,1,263
2012,49,9/20/2012,1,264
2012,45,9/21/2012,0,265
2012,23,9/24/2012,0,268
2012,48,9/27/2012,0,271
2012,23,10/1/2012,0,275
2012,48,10/10/2012,0,284
2012,48,10/11/2012,0,285
2012,48,10/15/2012,0,289
2012,48,10/16/2012,0,290
2012,49,10/22/2012,0,296
2012,46,11/1/2012,0,306
2011,46,4/29/2011,0,119
2011,44,5/2/2011,0,122
2011,47,5/3/2011,0,123
2011,47,5/4/2011,0,124
2011,46,5/5/2011,0,125
2011,47,5/6/2011,0,126
2011,47,5/9/2011,0,129
2011,48,5/10/2011,0,130
2011,47,5/12/2011,0,132
2011,47,5/16/2011,0,136
2011,48,5/17/2011,0,137
2011,47,5/20/2011,1,140
2011,47,5/31/2011,0,151
2011,48,6/2/2011,0,153
2011,47,6/3/2011,0,154
2011,48,6/6/2011,0,157
2011,48,6/14/2011,0,165
2011,47,6/27/2011,0,178
2011,48,6/28/2011,0,179
2011,48,6/30/2011,0,181
2011,47,7/1/2011,0,182
2011,50,7/5/2011,1,186
2011,49,7/6/2011,0,187
2011,49,7/7/2011,0,188
2011,48,7/8/2011,0,189
2011,48,7/11/2011,0,192
2011,48,7/12/2011,0,193
2011,38,7/13/2011,0,194
2011,48,7/14/2011,1,195
2011,48,7/15/2011,0,196
2011,48,7/19/2011,0,200
2011,48,7/20/2011,0,201
2011,48,7/21/2011,0,202
2011,50,7/22/2011,0,203
2011,48,7/25/2011,1,206
2011,48,7/27/2011,1,208
2011,48,7/28/2011,0,209
2011,48,8/1/2011,0,213
2011,49,8/2/2011,0,214
2011,47,8/3/2011,0,215
2011,36,8/5/2011,0,217
2011,48,8/8/2011,0,220
2011,49,8/9/2011,1,221
2011,48,8/11/2011,0,223
2011,48,8/12/2011,0,224
2011,48,8/16/2011,0,228
2011,48,8/17/2011,2,229
2011,48,8/18/2011,0,230
2011,48,8/19/2011,0,231
2011,49,8/22/2011,0,234
2011,50,8/23/2011,0,235
2011,48,8/24/2011,1,236
2011,50,8/25/2011,1,237
2011,42,8/26/2011,0,238
2011,49,9/1/2011,0,244
2011,50,9/2/2011,1,245
2011,49,9/12/2011,0,255
2011,50,9/13/2011,2,256
2011,50,9/15/2011,1,258
2011,50,9/19/2011,2,262
2011,48,9/20/2011,0,263
2011,50,9/21/2011,2,264
2011,50,9/23/2011,0,266
2011,43,9/26/2011,0,269
2011,49,9/28/2011,1,271
2011,49,9/29/2011,0,272
2011,35,9/30/2011,0,273
2011,49,10/3/2011,1,276
2011,49,10/4/2011,0,277
2011,48,10/7/2011,0,280
2011,49,10/10/2011,0,283
2011,49,10/11/2011,0,284
2011,25,10/13/2011,0,286
2011,49,10/20/2011,0,293
2011,24,10/24/2011,0,297
2011,46,10/28/2011,0,301
2011,47,10/31/2011,0,304
2011,47,11/7/2011,0,311
2011,23,11/15/2011,0,319
2010,47,4/4/2010,0,94
2010,45,4/5/2010,0,95
2010,33,4/12/2010,0,102
2010,44,4/16/2010,0,106
2010,45,4/19/2010,0,109
2010,46,4/27/2010,0,117
2010,47,4/28/2010,0,118
2010,47,4/29/2010,0,119
2010,47,5/3/2010,0,123
2010,46,5/4/2010,0,124
2010,47,5/5/2010,0,125
2010,46,5/6/2010,0,126
2010,46,5/7/2010,0,127
2010,45,5/17/2010,0,137
2010,46,5/18/2010,0,138
2010,46,5/24/2010,0,144
2010,46,5/25/2010,1,145
2010,46,5/26/2010,1,146
2010,48,5/27/2010,0,147
2010,47,5/28/2010,1,148
2010,48,6/1/2010,0,152
2010,46,6/2/2010,0,153
2010,48,6/3/2010,1,154
2010,47,6/7/2010,0,158
2010,48,6/8/2010,0,159
2010,47,6/9/2010,1,160
2010,47,6/11/2010,0,162
2010,45,6/15/2010,0,166
2010,47,6/16/2010,1,167
2010,46,6/17/2010,0,168
2010,48,6/21/2010,1,172
2010,34,6/23/2010,0,174
2010,47,6/25/2010,0,176
2010,47,6/28/2010,0,179
2010,47,6/29/2010,2,180
2010,47,6/30/2010,1,181
2010,48,7/1/2010,0,182
2010,49,7/2/2010,1,183
2010,48,7/7/2010,0,188
2010,48,7/8/2010,2,189
2010,47,7/9/2010,2,190
2010,40,7/12/2010,0,193
2010,40,7/13/2010,1,194
2010,48,7/15/2010,0,196
2010,48,7/16/2010,0,197
2010,48,7/26/2010,0,207
2010,49,7/29/2010,3,210
2010,50,7/30/2010,3,211
2010,49,8/2/2010,2,214
2010,47,8/4/2010,1,216
2010,49,8/5/2010,0,217
2010,46,8/6/2010,3,218
2010,48,8/9/2010,1,221
2010,47,8/10/2010,0,222
2010,42,8/11/2010,0,223
2010,33,8/12/2010,0,224
2010,48,8/16/2010,0,228
2010,44,8/18/2010,1,230
2010,45,8/19/2010,2,231
2010,45,8/23/2010,0,235
2010,44,8/24/2010,0,236
2010,46,8/25/2010,2,237
2010,44,8/26/2010,1,238
2010,44,8/27/2010,0,239
2010,44,8/30/2010,0,242
2010,44,8/31/2010,0,243
2010,43,9/1/2010,0,244
2010,43,9/2/2010,0,245
2010,41,9/3/2010,3,246
2010,43,9/7/2010,4,250
2010,45,9/9/2010,1,252
2010,44,9/10/2010,0,253
2010,30,9/13/2010,1,256
2010,42,9/15/2010,0,258
2010,37,9/17/2010,3,260
2010,36,9/20/2010,1,263
2010,38,9/24/2010,5,267
2010,37,9/27/2010,0,270
2010,37,9/28/2010,0,271
2010,38,9/29/2010,0,272
2010,37,9/30/2010,0,273
2010,37,10/1/2010,0,274
2010,35,10/4/2010,0,277
2010,36,10/8/2010,0,281
2010,38,10/12/2010,0,285
2010,35,10/13/2010,0,286
2010,37,10/14/2010,0,287
2010,45,10/15/2010,2,288
2010,36,10/21/2010,0,294
2010,32,10/22/2010,0,295
2010,28,10/29/2010,0,302
2010,40,11/1/2010,0,305
2010,36,11/8/2010,0,312
2010,35,11/10/2010,0,314
2009,46,4/23/2009,0,113
2009,46,4/24/2009,0,114
2009,46,5/1/2009,0,121
2009,46,5/4/2009,0,124
2009,47,5/5/2009,0,125
2009,46,5/8/2009,0,128
2009,47,5/11/2009,0,131
2009,44,5/12/2009,0,132
2009,44,5/13/2009,0,133
2009,44,5/14/2009,0,134
2009,45,5/18/2009,0,138
2009,47,5/21/2009,0,141
2009,45,5/22/2009,0,142
2009,20,5/26/2009,0,146
2009,45,5/28/2009,0,148
2009,46,5/29/2009,0,149
2009,45,6/1/2009,0,152
2009,47,6/3/2009,0,154
2009,46,6/4/2009,0,155
2009,47,6/5/2009,0,156
2009,45,6/10/2009,0,161
2009,46,6/11/2009,0,162
2009,46,6/15/2009,0,166
2009,45,6/18/2009,1,169
2009,47,6/19/2009,0,170
2009,45,6/22/2009,0,173
2009,44,6/23/2009,0,174
2009,46,6/26/2009,0,177
2009,46,7/6/2009,2,187
2009,47,7/7/2009,0,188
2009,45,7/8/2009,1,189
2009,47,7/10/2009,0,191
2009,46,7/13/2009,0,194
2009,47,7/14/2009,0,195
2009,49,7/15/2009,0,196
2009,45,7/17/2009,0,198
2009,47,7/20/2009,0,201
2009,48,7/21/2009,0,202
2009,38,7/22/2009,1,203
2009,47,7/23/2009,0,204
2009,47,7/27/2009,0,208
2009,47,7/28/2009,0,209
2009,46,7/30/2009,0,211
2009,48,7/31/2009,1,212
2009,48,8/3/2009,0,215
2009,48,8/4/2009,1,216
2009,45,8/5/2009,0,217
2009,46,8/6/2009,2,218
2009,45,8/7/2009,0,219
2009,46,8/10/2009,0,222
2009,46,8/11/2009,0,223
2009,47,8/14/2009,0,226
2009,48,8/17/2009,0,229
2009,47,8/19/2009,0,231
2009,47,8/31/2009,1,243
2009,47,9/1/2009,3,244
2009,45,9/2/2009,1,245
2009,50,9/4/2009,0,247
2009,47,9/8/2009,0,251
2009,49,9/11/2009,1,254
2009,47,9/14/2009,1,257
2009,47,9/15/2009,0,258
2009,49,9/16/2009,1,259
2009,44,9/17/2009,2,260
2009,46,9/18/2009,1,261
2009,47,9/21/2009,0,264
2009,46,9/23/2009,0,266
2009,47,9/24/2009,0,267
2009,46,9/28/2009,0,271
2009,47,9/29/2009,0,272
2009,33,9/30/2009,0,273
2009,47,10/5/2009,1,278
2009,45,10/6/2009,0,279
2009,45,10/19/2009,0,292
2009,45,10/21/2009,0,294
2009,45,11/6/2009,0,310
2009,45,11/9/2009,0,313
2009,33,11/10/2009,0,314
2008,45,4/21/2008,0,112
2008,43,4/22/2008,0,113
2008,43,4/23/2008,0,114
2008,43,4/24/2008,0,115
2008,45,4/25/2008,0,116
2008,43,4/28/2008,0,119
2008,42,4/29/2008,0,120
2008,43,4/30/2008,0,121
2008,44,5/1/2008,0,122
2008,45,5/12/2008,0,133
2008,43,5/13/2008,0,134
2008,20,5/14/2008,0,135
2008,46,5/15/2008,0,136
2008,45,5/16/2008,0,137
2008,44,5/20/2008,0,141
2008,44,5/21/2008,0,142
2008,45,5/23/2008,0,144
2008,45,5/30/2008,0,151
2008,45,6/5/2008,0,157
2008,46,6/10/2008,0,162
2008,44,6/24/2008,0,176
2008,45,7/1/2008,0,183
2008,45,7/3/2008,0,185
2008,45,7/7/2008,0,189
2008,45,7/8/2008,0,190
2008,45,7/11/2008,0,193
2008,45,7/15/2008,0,197
2008,45,7/17/2008,0,199
2008,45,7/18/2008,1,200
2008,45,7/21/2008,0,203
2008,44,7/22/2008,1,204
2008,45,7/23/2008,2,205
2008,43,7/24/2008,0,206
2008,45,7/25/2008,2,207
2008,45,7/29/2008,1,211
2008,47,8/1/2008,1,214
2008,45,8/5/2008,0,218
2008,45,8/8/2008,0,221
2008,46,8/13/2008,0,226
2008,46,8/14/2008,2,227
2008,45,8/15/2008,0,228
2008,47,8/18/2008,0,231
2008,46,8/20/2008,2,233
2008,43,8/21/2008,0,234
2008,46,8/25/2008,1,238
2008,46,8/26/2008,2,239
2008,46,8/28/2008,1,241
2008,45,8/29/2008,1,242
2008,44,9/2/2008,0,246
2008,43,9/3/2008,0,247
2008,42,9/4/2008,1,248
2008,45,9/11/2008,0,255
2008,45,9/15/2008,4,259
2008,46,9/17/2008,0,261
2008,47,9/18/2008,5,262
2008,46,9/19/2008,4,263
2008,46,9/22/2008,0,266
2008,46,9/23/2008,2,267
2008,47,9/24/2008,0,268
2008,47,9/25/2008,12,269
2008,47,9/26/2008,0,270
2008,47,9/29/2008,0,273
2008,47,9/30/2008,0,274
2008,46,10/2/2008,0,276
2008,46,10/3/2008,0,277
2008,33,10/6/2008,0,280
2008,47,10/8/2008,2,282
2008,48,10/9/2008,1,283
2008,48,10/10/2008,1,284
2008,30,10/13/2008,0,287
2008,46,10/20/2008,0,294
2008,44,10/29/2008,0,303
2008,43,10/31/2008,0,305
2008,46,11/3/2008,0,308
2008,44,11/4/2008,0,309
2007,45,3/30/2007,0,89
2007,43,4/2/2007,0,92
2007,43,4/3/2007,0,93
2007,42,4/4/2007,0,94
2007,43,4/5/2007,0,95
2007,45,4/16/2007,0,106
2007,43,4/23/2007,0,113
2007,45,4/27/2007,0,117
2007,43,4/30/2007,0,120
2007,44,5/2/2007,0,122
2007,no data,5/4/2007,0,124
2007,43,5/7/2007,0,127
2007,44,5/8/2007,0,128
2007,43,5/10/2007,0,130
2007,45,5/11/2007,0,131
2007,43,5/14/2007,0,134
2007,45,5/17/2007,0,137
2007,45,5/18/2007,2,138
2007,45,5/21/2007,0,141
2007,45,5/22/2007,0,142
2007,45,5/23/2007,0,143
2007,45,5/29/2007,0,149
2007,45,5/30/2007,0,150
2007,45,6/12/2007,0,163
2007,45,6/14/2007,0,165
2007,44,6/15/2007,0,166
2007,46,6/19/2007,0,170
2007,45,6/26/2007,1,177
2007,45,6/28/2007,0,179
2007,45,6/29/2007,0,180
2007,46,7/2/2007,0,183
2007,45,7/3/2007,0,184
2007,47,7/10/2007,0,191
2007,45,7/12/2007,0,193
2007,46,7/13/2007,0,194
2007,46,7/17/2007,0,198
2007,45,7/19/2007,1,200
2007,46,7/20/2007,1,201
2007,47,7/23/2007,0,204
2007,46,7/24/2007,0,205
2007,46,7/25/2007,1,206
2007,46,7/26/2007,1,207
2007,47,7/27/2007,1,208
2007,47,7/31/2007,0,212
2007,46,8/2/2007,0,214
2007,47,8/3/2007,1,215
2007,47,8/8/2007,1,220
2007,48,8/9/2007,1,221
2007,47,8/16/2007,0,228
2007,46,8/17/2007,1,229
2007,47,8/20/2007,1,232
2007,47,8/21/2007,0,233
2007,48,8/22/2007,0,234
2007,47,8/23/2007,0,235
2007,47,8/27/2007,0,239
2007,46,8/28/2007,0,240
2007,47,8/30/2007,0,242
2007,47,8/31/2007,0,243
2007,46,9/4/2007,0,247
2007,47,9/5/2007,0,248
2007,46,9/6/2007,0,249
2007,47,9/7/2007,1,250
2007,48,9/11/2007,6,254
2007,48,9/12/2007,3,255
2007,47,9/13/2007,0,256
2007,45,9/14/2007,0,257
2007,45,9/18/2007,0,261
2007,45,9/19/2007,0,262
2007,45,9/20/2007,2,263
2007,no data,9/21/2007,1,264
2007,45,9/24/2007,1,267
2007,43,9/25/2007,0,268
2007,46,9/26/2007,3,269
2007,45,9/28/2007,4,271
2007,46,10/1/2007,0,274
2007,46,10/5/2007,1,278
2007,46,10/8/2007,1,281
2007,46,10/9/2007,6,282
2007,44,10/10/2007,0,283
2007,40,10/11/2007,0,284
2007,47,10/12/2007,0,285
2007,45,10/15/2007,0,288
2007,42,10/18/2007,0,291
2007,43,10/24/2007,0,297
2007,43,10/25/2007,0,298
2007,44,10/29/2007,0,302
2007,45,11/1/2007,0,305
2007,43,11/5/2007,0,309
2007,43,11/7/2007,0,311
2007,42,11/13/2007,0,317
2007,42,11/11/2007,0,315
2007,44,11/16/2007,0,320
2007,43,11/19/2007,0,323
2006,no data,4/14/2006,0,104
2006,no data,4/21/2006,0,111
2006,no data,4/24/2006,0,114
2006,no data,5/1/2006,0,121
2006,no data,5/2/2006,0,122
2006,no data,5/3/2006,0,123
2006,no data,5/4/2006,0,124
2006,no data,5/5/2006,0,125
2006,no data,5/8/2006,0,128
2006,no data,5/11/2006,0,131
2006,no data,5/12/2006,0,132
2006,no data,5/17/2006,0,137
2006,no data,5/19/2006,0,139
2006,43,5/22/2006,0,142
2006,43,5/23/2006,1,143
2006,43,5/30/2006,0,150
2006,45,5/31/2006,0,151
2006,45,6/1/2006,0,152
2006,no data,6/8/2006,0,159
2006,no data,6/9/2006,0,160
2006,45,6/12/2006,0,163
2006,45,6/13/2006,0,164
2006,no data,6/14/2006,0,165
2006,no data ,6/16/2006,0,167
2006,44,6/26/2006,0,177
2006,no data,6/28/2006,1,179
2006,45,6/29/2006,0,180
2006,46,6/30/2006,0,181
2006,no data,7/6/2006,0,187
2006,no data,7/7/2006,0,188
2006,34,7/10/2006,0,191
2006,45,7/11/2006,0,192
2006,45,7/13/2006,1,194
2006,46,7/14/2006,0,195
2006,45,7/19/2006,0,200
2006,45,7/20/2006,0,201
2006,45,7/21/2006,0,202
2006,no data,8/8/2006,0,220
2006,46,8/9/2006,0,221
2006,47,8/11/2006,2,223
2006,47,8/14/2006,3,226
2006,47,8/15/2006,1,227
2006,47,8/16/2006,0,228
2006,47,8/17/2006,0,229
2006,46,8/21/2006,0,233
2006,47,8/22/2006,1,234
2006,46,8/24/2006,0,236
2006,44,8/25/2006,0,237
2006,44,8/28/2006,0,240
2006,44,8/29/2006,2,241
2006,44,9/5/2006,7,248
2006,45,9/6/2006,3,249
2006,45,9/7/2006,8,250
2006,44,9/8/2006,1,251
2006,42,9/12/2006,0,255
2006,45,9/13/2006,8,256
2006,44,9/14/2006,6,257
2006,45,9/15/2006,4,258
2006,43,9/18/2006,0,261
2006,43,9/19/2006,0,262
2006,44,9/20/2006,17,263
2006,45,9/22/2006,0,265
2006,45,9/25/2006,3,268
2006,47,9/26/2006,0,269
2006,44,9/27/2006,0,270
2006,44,9/29/2006,0,272
2006,no data,10/2/2006,0,275
2006,43,10/4/2006,0,277
2006,no data ,10/5/2006,2,278
2006,43,10/6/2006,0,279
2006,42,10/9/2006,0,282
2006,42,10/12/2006,0,285
2006,44,10/27/2006,0,300
2006,42,11/1/2006,0,305
2006,44,11/7/2006,0,311
2005,no data,4/1/2005,0,91
2005,no data,4/4/2005,0,94
2005,no data,4/5/2005,0,95
2005,no data,4/6/2005,0,96
2005,no data,4/7/2005,0,97
2005,no data,4/8/2005,0,98
2005,no data,4/14/2005,0,104
2005,no data,4/15/2005,0,105
2005,no data,4/18/2005,0,108
2005,no data,4/22/2005,0,112
2005,no data,4/25/2005,0,115
2005,no data,4/27/2005,0,117
2005,no data,4/29/2005,0,119
2005,no data,5/2/2005,0,122
2005,no data,5/3/2005,0,123
2005,no data,5/4/2005,0,124
2005,no data,5/5/2005,0,125
2005,no data,5/10/2005,0,130
2005,no data,5/23/2005,0,143
2005,no data,5/26/2005,0,146
2005,no data,5/31/2005,0,151
2005,no data,6/6/2005,0,157
2005,no data,6/7/2005,0,158
2005,no data,6/8/2005,0,159
2005,no data,6/13/2005,0,164
2005,no data,6/14/2005,0,165
2005,no data,6/15/2005,0,166
2005,no data,6/16/2005,0,167
2005,no data,6/17/2005,1,168
2005,no data,6/20/2005,0,171
2005,no data,6/21/2005,0,172
2005,no data,6/22/2005,0,173
2005,no data,6/23/2005,0,174
2005,no data,6/27/2005,1,178
2005,no data,7/30/2005,0,211
2005,no data,7/7/2005,0,188
2005,no data,7/8/2005,0,189
2005,no data,7/11/2005,0,192
2005,no data,7/13/2005,0,194
2005,no data,7/15/2005,0,196
2005,no data,7/18/2005,1,199
2005,no data,7/19/2005,0,200
2005,no data,7/21/2005,0,202
2005,no data,7/22/2005,0,203
2005,no data,8/5/2005,0,217
2005,no data,8/8/2005,1,220
2005,no data,8/10/2005,0,222
2005,no data,8/16/2005,0,228
2005,no data,8/25/2005,0,237
2005,no data,8/26/2005,0,238
2005,no data,8/29/2005,0,241
2005,no data,8/31/2005,0,243
2005,no data,9/2/2005,2,245
2005,no data,9/6/2005,0,249
2005,no data,9/7/2005,1,250
2005,no data,9/9/2005,4,252
2005,no data,9/19/2005,0,262
2005,no data,9/20/2005,1,263
2005,no data,9/21/2005,0,264
2005,no data,9/22/2005,0,265
2005,no data,9/27/2005,0,270
2005,no data,9/29/2005,2,272
2005,no data,9/30/2005,1,273
2005,no data,10/3/2005,0,276
2005,no data,10/4/2005,0,277
2005,no data,10/6/2005,0,279
2005,no data,10/7/2005,0,280
2005,no data,10/10/2005,0,283
2005,no data,10/11/2005,0,284
2005,no data,10/14/2005,1,287
2005,no data,10/17/2005,0,290
2005,no data,10/19/2005,0,292
2005,no data,10/27/2005,0,300
2005,no data,10/28/2005,0,301
2005,no data,11/1/2005,0,305
2005,no data,11/3/2005,0,307
2005,no data,11/4/2005,0,308
2005,no data,11/7/2005,0,311
2005,no data,11/8/2005,0,312
2005,no data,11/9/2005,0,313
2004,no data,4/8/2004,0,99
2004,no data,4/23/2004,0,114
2004,no data,4/26/2004,0,117
2004,no data,5/5/2004,0,126
2004,no data,5/6/2004,0,127
2004,no data,5/7/2004,0,128
2004,no data,5/10/2004,0,131
2004,no data,5/13/2004,0,134
2004,no data,5/17/2004,0,138
2004,no data,5/19/2004,0,140
2004,no data,5/20/2004,0,141
2004,no data,6/1/2004,0,153
2004,no data,6/2/2004,0,154
2004,no data,6/3/2004,0,155
2004,no data,6/7/2004,0,159
2004,no data,6/8/2004,0,160
2004,no data,6/9/2004,0,161
2004,no data,6/14/2004,0,166
2004,no data,6/15/2004,0,167
2004,no data,6/17/2004,0,169
2004,no data,6/28/2004,0,180
2004,no data,6/30/2004,0,182
2004,no data,7/1/2004,0,183
2004,no data,7/8/2004,0,190
2004,no data,7/9/2004,0,191
2004,no data,7/12/2004,0,194
2004,no data,7/14/2004,0,196
2004,no data,7/19/2004,0,201
2004,no data,7/20/2004,0,202
2004,no data,7/21/2004,0,203
2004,no data,7/23/2004,0,205
2004,no data,7/27/2004,0,209
2004,no data,7/28/2004,0,210
2004,no data,8/9/2004,1,222
2004,no data,8/12/2004,0,225
2004,no data,8/16/2004,0,229
2004,no data,8/17/2004,0,230
2004,no data,8/19/2004,1,232
2004,no data,8/20/2004,1,233
2004,no data,8/25/2004,0,238
2004,no data,8/26/2004,0,239
2004,no data,8/27/2004,0,240
2004,no data,9/2/2004,1,246
2004,no data,9/1/2004,1,245
2004,no data,9/3/2004,2,247
2004,no data,9/7/2004,0,251
2004,no data,9/8/2004,1,252
2004,no data,9/15/2004,0,259
2004,no data,9/16/2004,1,260
2004,no data,9/17/2004,1,261
2004,no data,9/22/2004,1,266
2004,no data,9/24/2004,3,268
2004,no data,9/27/2004,3,271
2004,no data,9/28/2004,2,272
2004,no data,9/30/2004,1,274
2004,no data,10/1/2004,0,275
2004,no data,10/4/2004,0,278
2004,no data,10/5/2004,0,279
2004,no data,10/6/2004,0,280
2004,no data,10/11/2004,0,285
2004,no data,10/19/2004,0,293
2004,no data,10/20/2004,0,294
2004,no data,10/25/2004,0,299
2004,no data,10/28/2004,0,302
2004,no data,11/9/2004,0,314
2003,no data,4/22/2003,0,112
2003,no data,4/25/2003,0,115
2003,no data,5/12/2003,1,132
2003,no data,5/13/2003,0,133
2003,no data,5/14/2003,0,134
2003,no data,5/15/2003,0,135
2003,no data,5/16/2003,0,136
2003,no data,5/21/2003,0,141
2003,no data,5/22/2003,0,142
2003,no data,5/27/2003,0,147
2003,no data,5/28/2003,0,148
2003,no data,4/29/2003,0,119
2003,no data,5/30/2003,0,150
2003,no data,6/3/2003,0,154
2003,no data,6/4/2003,0,155
2003,no data,6/5/2003,0,156
2003,no data,6/6/2003,0,157
2003,no data,6/9/2003,0,160
2003,no data,6/10/2003,0,161
2003,no data,6/11/2003,0,162
2003,no data,6/12/2003,0,163
2003,no data,6/13/2003,0,164
2003,no data,6/16/2003,0,167
2003,no data,6/17/2003,0,168
2003,no data,6/19/2003,0,170
2003,no data,6/20/2003,0,171
2003,no data,6/23/2003,0,174
2003,no data,6/24/2003,0,175
2003,no data,6/26/2003,1,177
2003,no data,6/27/2003,0,178
2003,no data,7/7/2003,0,188
2003,no data,7/9/2003,0,190
2003,no data,7/10/2003,0,191
2003,no data,7/11/2003,1,192
2003,no data,7/15/2003,0,196
2003,no data,7/28/2003,0,209
2003,no data,7/29/2003,1,210
2003,no data,7/30/2003,0,211
2003,no data,7/31/2003,0,212
2003,no data,8/4/2003,1,216
2003,no data,8/8/2003,1,220
2003,no data,8/11/2003,0,223
2003,no data,8/13/2003,0,225
2003,no data,8/13/2003,0,225
2003,no data,8/14/2003,0,226
2003,no data,8/15/2003,1,227
2003,no data,8/18/2003,0,230
2003,no data,8/21/2003,1,233
2003,no data,8/22/2003,1,234
2003,no data,9/3/2003,2,246
2003,no data,9/3/2003,4,246
2003,no data,9/4/2003,6,247
2003,no data,9/8/2003,3,251
2003,no data,9/11/2003,9,254
2003,no data,9/12/2003,21,255
2003,no data,9/15/2003,4,258
2003,no data,9/16/2003,2,259
2003,no data,9/18/2003,0,261
2003,no data,9/19/2003,1,262
2003,no data,9/22/2003,4,265
2003,no data,9/23/2003,0,266
2003,no data,9/24/2003,0,267
2003,no data,9/25/2003,0,268
2003,no data,9/29/2003,0,272
2003,no data,9/30/2003,0,273
2003,no data,10/1/2003,0,274
2003,no data,10/2/2003,0,275
2003,no data,10/3/2003,0,276
2003,no data,10/6/2003,0,279
2003,no data,10/7/2003,0,280
2003,no data,10/10/2003,0,283
2003,no data,10/13/2003,0,286
2003,no data,10/14/2003,0,287
2003,no data,10/16/2003,0,289
2003,no data,10/21/2003,0,294
2003,no data,10/23/2003,0,296
2003,no data,10/24/2003,0,297
2003,no data,10/27/2003,0,300
2003,no data,10/28/2003,0,301
2003,no data,10/29/2003,0,302
2003,no data,10/30/2003,0,303
